doc_id,split,question,expected,llm_predicted,llm_abstained,ok
0000971160,train,Suggestion:,UNKNOWN,UNKNOWN,True,True
0000971160,train,R&D Group:,UNKNOWN,UNKNOWN,True,True
0000971160,train,Suggested Solutions (s) :,UNKNOWN,UNKNOWN,True,True
0000989556,train,Brand:,UNKNOWN,UNKNOWN,True,True
0000989556,train,Style:,UNKNOWN,UNKNOWN,True,True
0000989556,train,Place of Manufacture:,UNKNOWN,UNKNOWN,True,True
0000990274,train,INITIATED,UNKNOWN,UNKNOWN,True,True
0000990274,train,BY:,UNKNOWN,UNKNOWN,True,True
0000990274,train,PRODUCT:,UNKNOWN,UNKNOWN,True,True
0000999294,train,SUBJECT:,UNKNOWN,UNKNOWN,True,True
0000999294,train,SAMPLE:,UNKNOWN,UNKNOWN,True,True
0000999294,train,CIGARETTES:,UNKNOWN,UNKNOWN,True,True
0001118259,train,Allowable Substitutions,UNKNOWN,UNKNOWN,True,True
0001118259,train,Allowable Substitutions,UNKNOWN,UNKNOWN,True,True
0001118259,train,Allowable Substitutions,UNKNOWN,UNKNOWN,True,True
0001123541,train,Type,UNKNOWN,UNKNOWN,True,True
0001123541,train,SUBMITTED BY:,UNKNOWN,UNKNOWN,True,True
0001123541,train,SUBMITTER'S SS#:,UNKNOWN,UNKNOWN,True,True
0001129658,train,FAX:,UNKNOWN,UNKNOWN,True,True
0001129658,train,FROM:,UNKNOWN,UNKNOWN,True,True
0001129658,train,CHARGEBACK:,UNKNOWN,UNKNOWN,True,True
0001209043,train,Brand,UNKNOWN,UNKNOWN,True,True
0001209043,train,Title,UNKNOWN,UNKNOWN,True,True
0001209043,train,Size,UNKNOWN,UNKNOWN,True,True
0001239897,train,SUBJECT:,UNKNOWN,UNKNOWN,True,True
0001239897,train,SAMPLE:,UNKNOWN,UNKNOWN,True,True
0001239897,train,PROJECT,UNKNOWN,UNKNOWN,True,True
0001438955,train,Title,UNKNOWN,UNKNOWN,True,True
0001438955,train,OVERALL:,UNKNOWN,UNKNOWN,True,True
0001438955,train,OVERALL:,UNKNOWN,UNKNOWN,True,True
0001456787,train,Supplier(s),UNKNOWN,UNKNOWN,True,True
0001456787,train,Porosity,UNKNOWN,UNKNOWN,True,True
0001456787,train,Substance,UNKNOWN,UNKNOWN,True,True
0001463282,train,Yes,UNKNOWN,UNKNOWN,True,True
0001463282,train,Supplier,UNKNOWN,UNKNOWN,True,True
0001463282,train,Supplier,UNKNOWN,UNKNOWN,True,True
0001463448,train,This form was placed before Bates ID,UNKNOWN,UNKNOWN,True,True
0001463448,train,NG DOCUMENTS WERE FOUND WITHIN THE ORIGINAL:,UNKNOWN,UNKNOWN,True,True
0001463448,train,NG DOCUMENTS WERE FOUND WITHIN THE ORIGINAL:,UNKNOWN,UNKNOWN,True,True
0001476912,train,COMMENTS,UNKNOWN,UNKNOWN,True,True
0001476912,train,Brand:,UNKNOWN,UNKNOWN,True,True
0001476912,train,Commercial:,UNKNOWN,UNKNOWN,True,True
0001477983,train,Retainer,UNKNOWN,UNKNOWN,True,True
0001477983,train,lobbyist for lobbying? (yes or no),UNKNOWN,UNKNOWN,True,True
0001477983,train,Compensation received lobbying:,UNKNOWN,UNKNOWN,True,True
0001485288,train,SPECIAL SAMPLE MANUFACTURE,UNKNOWN,UNKNOWN,True,True
0001485288,train,R & D,UNKNOWN,UNKNOWN,True,True
0001485288,train,Signed,UNKNOWN,UNKNOWN,True,True
00040534,train,COMPOUND,UNKNOWN,UNKNOWN,True,True
00040534,train,SOURCE,UNKNOWN,UNKNOWN,True,True
00040534,train,INVESTIGATOR(S),UNKNOWN,UNKNOWN,True,True
00070353,train,AUTHORS,UNKNOWN,UNKNOWN,True,True
00070353,train,TITLE,UNKNOWN,UNKNOWN,True,True
00070353,train,RECOMMENDATION:,UNKNOWN,UNKNOWN,True,True
00093726,train,on,UNKNOWN,UNKNOWN,True,True
00093726,train,BLEND,UNKNOWN,UNKNOWN,True,True
00093726,train,CASING,UNKNOWN,UNKNOWN,True,True
0011505151,train,SUPPLIER:,UNKNOWN,UNKNOWN,True,True
0011505151,train,PAID 1987,UNKNOWN,UNKNOWN,True,True
0011505151,train,DEC 1987 ACCRUAL,UNKNOWN,UNKNOWN,True,True
0011838621,train,Supplier:,UNKNOWN,UNKNOWN,True,True
0011838621,train,No.,UNKNOWN,UNKNOWN,True,True
0011838621,train,Reasons:,UNKNOWN,UNKNOWN,True,True
0011845203,train,TO:,UNKNOWN,UNKNOWN,True,True
0011845203,train,FAX,UNKNOWN,UNKNOWN,True,True
0011845203,train,NUMBER:,UNKNOWN,UNKNOWN,True,True
0011856542,train,PROJECT CODE,UNKNOWN,UNKNOWN,True,True
0011856542,train,WORK REQUESTED BY,UNKNOWN,UNKNOWN,True,True
0011856542,train,cc:,UNKNOWN,UNKNOWN,True,True
0011859695,train,Agency:,UNKNOWN,UNKNOWN,True,True
0011859695,train,Contact:,UNKNOWN,UNKNOWN,True,True
0011859695,train,Client:,UNKNOWN,UNKNOWN,True,True
0011899960,train,Attention,UNKNOWN,UNKNOWN,True,True
0011899960,train,Attention,UNKNOWN,UNKNOWN,True,True
0011899960,train,Copies,UNKNOWN,UNKNOWN,True,True
0011906503,train,Title,UNKNOWN,UNKNOWN,True,True
0011906503,train,Proposed,UNKNOWN,UNKNOWN,True,True
0011906503,train,CAPITAL,UNKNOWN,UNKNOWN,True,True
0011973451,train,OBJECTIVE:,UNKNOWN,UNKNOWN,True,True
0011973451,train,Cartons:,UNKNOWN,UNKNOWN,True,True
0011973451,train,Cases:,UNKNOWN,UNKNOWN,True,True
0011974919,train,To,UNKNOWN,UNKNOWN,True,True
0011974919,train,From:,UNKNOWN,UNKNOWN,True,True
0011974919,train,Brand:,UNKNOWN,UNKNOWN,True,True
0011976929,train,Dates:,UNKNOWN,UNKNOWN,True,True
0011976929,train,Estimated Attendance,UNKNOWN,UNKNOWN,True,True
0011976929,train,Type of Event:,UNKNOWN,UNKNOWN,True,True
0012178355,train,BRAND,UNKNOWN,UNKNOWN,True,True
0012178355,train,Domestic,UNKNOWN,UNKNOWN,True,True
0012178355,train,New Product,UNKNOWN,UNKNOWN,True,True
0012199830,train,RECEIVED,UNKNOWN,UNKNOWN,True,True
0012199830,train,Technician,UNKNOWN,UNKNOWN,True,True
0012199830,train,Formula No.,UNKNOWN,UNKNOWN,True,True
0012529284,train,No.,UNKNOWN,UNKNOWN,True,True
0012529284,train,Supplier:,UNKNOWN,UNKNOWN,True,True
0012529284,train,Reasons:,UNKNOWN,UNKNOWN,True,True
0012529295,train,Supplier,UNKNOWN,UNKNOWN,True,True
0012529295,train,Supplier,UNKNOWN,UNKNOWN,True,True
0012529295,train,Yes,UNKNOWN,UNKNOWN,True,True
0012602424,train,SUPPLIER:,UNKNOWN,UNKNOWN,True,True
0012602424,train,REASONS:,UNKNOWN,UNKNOWN,True,True
0012602424,train,ORIGINAL,UNKNOWN,UNKNOWN,True,True
0012947358,train,TO:,UNKNOWN,UNKNOWN,True,True
0012947358,train,FROM:,UNKNOWN,UNKNOWN,True,True
0012947358,train,Per,UNKNOWN,UNKNOWN,True,True
0013255595,train,APPROVALS:,UNKNOWN,UNKNOWN,True,True
0013255595,train,APPROVALS:,UNKNOWN,UNKNOWN,True,True
0013255595,train,APPROVALS:,UNKNOWN,UNKNOWN,True,True
00283813,train,on,UNKNOWN,UNKNOWN,True,True
00283813,train,Sample No.,UNKNOWN,UNKNOWN,True,True
00283813,train,Brand,UNKNOWN,UNKNOWN,True,True
0030031163,train,GOLF TOURNAMENT,UNKNOWN,UNKNOWN,True,True
0030031163,train,TENNIS TOURNAMENT,UNKNOWN,UNKNOWN,True,True
0030041455,train,Please place the following order for KOOL and/ or GPC Golf Bags for my Section:,UNKNOWN,UNKNOWN,True,True
0030041455,train,Please place the following order for KOOL and/ or GPC Golf Bags for my Section:,UNKNOWN,UNKNOWN,True,True
0030041455,train,Section Number,UNKNOWN,UNKNOWN,True,True
0060000813,train,Brand:,UNKNOWN,UNKNOWN,True,True
0060000813,train,Brand:,UNKNOWN,UNKNOWN,True,True
0060000813,train,Modules:,UNKNOWN,UNKNOWN,True,True
0060007216,train,PROJECT CODE,UNKNOWN,UNKNOWN,True,True
0060007216,train,Cigarette,UNKNOWN,UNKNOWN,True,True
0060007216,train,Cigarette,UNKNOWN,UNKNOWN,True,True
0060024314,train,Facility:,UNKNOWN,UNKNOWN,True,True
0060024314,train,Permit#:,UNKNOWN,UNKNOWN,True,True
0060024314,train,CAS#,UNKNOWN,UNKNOWN,True,True
0060029036,train,Brand(s),UNKNOWN,UNKNOWN,True,True
0060029036,train,Originator,UNKNOWN,UNKNOWN,True,True
0060029036,train,Manager,UNKNOWN,UNKNOWN,True,True
0060036622,train,TO:,UNKNOWN,UNKNOWN,True,True
0060036622,train,TO:,UNKNOWN,UNKNOWN,True,True
0060036622,train,TO:,UNKNOWN,UNKNOWN,True,True
0060068489,train,MEDIUM,UNKNOWN,UNKNOWN,True,True
0060068489,train,AGENCY,UNKNOWN,UNKNOWN,True,True
0060068489,train,BRAND,UNKNOWN,UNKNOWN,True,True
0060077689,train,LOCATION,UNKNOWN,UNKNOWN,True,True
0060077689,train,REQUISITIONER,UNKNOWN,UNKNOWN,True,True
0060077689,train,SUPPLIER,UNKNOWN,UNKNOWN,True,True
0060080406,train,BRAND,UNKNOWN,UNKNOWN,True,True
0060080406,train,BRAND,UNKNOWN,UNKNOWN,True,True
0060080406,train,JAN,UNKNOWN,UNKNOWN,True,True
0060091229,train,Attention:,UNKNOWN,UNKNOWN,True,True
0060091229,train,RETURN TO:,UNKNOWN,UNKNOWN,True,True
0060094595,train,Weight,UNKNOWN,UNKNOWN,True,True
0060094595,train,Weight,UNKNOWN,UNKNOWN,True,True
0060094595,train,Weight,UNKNOWN,UNKNOWN,True,True
0060136394,train,SIGNED,UNKNOWN,UNKNOWN,True,True
0060136394,train,CLIENT,UNKNOWN,UNKNOWN,True,True
0060136394,train,STATIONS,UNKNOWN,UNKNOWN,True,True
0060165115,train,FROM:,UNKNOWN,UNKNOWN,True,True
0060165115,train,TO:,UNKNOWN,UNKNOWN,True,True
0060165115,train,Re.:,UNKNOWN,UNKNOWN,True,True
0060173256,train,BRANDS,UNKNOWN,UNKNOWN,True,True
0060173256,train,BRANDS,UNKNOWN,UNKNOWN,True,True
0060173256,train,Adjustment,UNKNOWN,UNKNOWN,True,True
0060207528,train,CONTRACT:,UNKNOWN,UNKNOWN,True,True
0060207528,train,CLIENT:,UNKNOWN,UNKNOWN,True,True
0060207528,train,MARKET:,UNKNOWN,UNKNOWN,True,True
0060214859,train,Report,UNKNOWN,UNKNOWN,True,True
0060214859,train,REJECTED,UNKNOWN,UNKNOWN,True,True
0060214859,train,Supplier,UNKNOWN,UNKNOWN,True,True
0060255888,train,Contact:,UNKNOWN,UNKNOWN,True,True
0060255888,train,Agency:,UNKNOWN,UNKNOWN,True,True
0060255888,train,Client:,UNKNOWN,UNKNOWN,True,True
0060262650,train,AME,UNKNOWN,UNKNOWN,True,True
0060262650,train,DDRESS,UNKNOWN,UNKNOWN,True,True
0060262650,train,resider,UNKNOWN,UNKNOWN,True,True
0060270727,train,YEAR COVERED:,UNKNOWN,UNKNOWN,True,True
0060270727,train,NONMENTHOL:,UNKNOWN,UNKNOWN,True,True
0060270727,train,"""TAR"":",UNKNOWN,UNKNOWN,True,True
0060302201,train,COMMENTS:,UNKNOWN,UNKNOWN,True,True
0060302201,train,DIVISION,UNKNOWN,UNKNOWN,True,True
0060302201,train,COMMENTS,UNKNOWN,UNKNOWN,True,True
0060308251,train,NOTE:,UNKNOWN,UNKNOWN,True,True
0060308251,train,Tar (Mg /Cigt),UNKNOWN,UNKNOWN,True,True
0060308251,train,Tar (Mg /Cigt),UNKNOWN,UNKNOWN,True,True
0060308461,train,NICOTINE:,UNKNOWN,UNKNOWN,True,True
0060308461,train,NONMENTHOL:,UNKNOWN,UNKNOWN,True,True
0060308461,train,NONFILTER:,UNKNOWN,UNKNOWN,True,True
0071032790,train,PROJECT,UNKNOWN,UNKNOWN,True,True
0071032790,train,PROJECT CODE:,UNKNOWN,UNKNOWN,True,True
0071032790,train,To:,UNKNOWN,UNKNOWN,True,True
0071032807,train,Work Requested by,UNKNOWN,UNKNOWN,True,True
0071032807,train,Project Leader,UNKNOWN,UNKNOWN,True,True
0071032807,train,Project Code,UNKNOWN,UNKNOWN,True,True
00836244,train,COMPOUND,UNKNOWN,UNKNOWN,True,True
00836244,train,SOURCE:,UNKNOWN,UNKNOWN,True,True
00836244,train,INVESTIGATOR(S),UNKNOWN,UNKNOWN,True,True
00836816,train,LRC FILE NUMBER,UNKNOWN,UNKNOWN,True,True
00836816,train,pH,UNKNOWN,UNKNOWN,True,True
00836816,train,ORAL,UNKNOWN,UNKNOWN,True,True
00837285,train,CLASS,UNKNOWN,UNKNOWN,True,True
00837285,train,CLASS,UNKNOWN,UNKNOWN,True,True
00837285,train,CLASS,UNKNOWN,UNKNOWN,True,True
00838511_00838525,train,STRUCTURE,UNKNOWN,UNKNOWN,True,True
00838511_00838525,train,ESTIMATED TOXICITY CLASS,UNKNOWN,UNKNOWN,True,True
00838511_00838525,train,COMMENTS,UNKNOWN,UNKNOWN,True,True
00851772_1780,train,COMPOUND,UNKNOWN,UNKNOWN,True,True
00851772_1780,train,LORILLARD COMPOUND CODE,UNKNOWN,UNKNOWN,True,True
00851772_1780,train,REGISTRY NUMBER (IF applicable),UNKNOWN,UNKNOWN,True,True
00851879,train,Subject,UNKNOWN,UNKNOWN,True,True
00851879,train,Method,UNKNOWN,UNKNOWN,True,True
00851879,train,Method,UNKNOWN,UNKNOWN,True,True
00860012_00860014,train,PROJECT SHEET NO,UNKNOWN,UNKNOWN,True,True
00860012_00860014,train,SOLID,UNKNOWN,UNKNOWN,True,True
00860012_00860014,train,COLOR,UNKNOWN,UNKNOWN,True,True
00865872,train,LRC FILE NUMBER,UNKNOWN,UNKNOWN,True,True
00865872,train,pH,UNKNOWN,UNKNOWN,True,True
00865872,train,SOLUBILITY,UNKNOWN,UNKNOWN,True,True
00866042,train,LIQUID,UNKNOWN,UNKNOWN,True,True
00866042,train,PROJECT SHEET NO.,UNKNOWN,UNKNOWN,True,True
00866042,train,PROJECT NO.,UNKNOWN,UNKNOWN,True,True
00920222,train,VENDOR,UNKNOWN,UNKNOWN,True,True
00920222,train,VIA,UNKNOWN,UNKNOWN,True,True
00920222,train,Attn:,UNKNOWN,UNKNOWN,True,True
00920294,train,Alert Number,UNKNOWN,UNKNOWN,True,True
00920294,train,To:,UNKNOWN,UNKNOWN,True,True
00920294,train,From:,UNKNOWN,UNKNOWN,True,True
00922237,train,ACCT NO.,UNKNOWN,UNKNOWN,True,True
00922237,train,DEPT NO.,UNKNOWN,UNKNOWN,True,True
00922237,train,ISSUED BY,UNKNOWN,UNKNOWN,True,True
01073843,train,COMPOUND,UNKNOWN,UNKNOWN,True,True
01073843,train,SOURCE,UNKNOWN,UNKNOWN,True,True
01073843,train,INVESTIGATOR(S),UNKNOWN,UNKNOWN,True,True
01122115,train,RE,UNKNOWN,UNKNOWN,True,True
01122115,train,Remarks,UNKNOWN,UNKNOWN,True,True
01122115,train,Remarks,UNKNOWN,UNKNOWN,True,True
01150773_01150774,train,To:,UNKNOWN,UNKNOWN,True,True
01150773_01150774,train,From:,UNKNOWN,UNKNOWN,True,True
01150773_01150774,train,Room:,UNKNOWN,UNKNOWN,True,True
01191071_1072,train,PAGE,UNKNOWN,UNKNOWN,True,True
01191071_1072,train,Attention:,UNKNOWN,UNKNOWN,True,True
01191071_1072,train,Subject:,UNKNOWN,UNKNOWN,True,True
01197604,train,SMOKER:,UNKNOWN,UNKNOWN,True,True
01197604,train,REMARKS:,UNKNOWN,UNKNOWN,True,True
01197604,train,Tar Number:,UNKNOWN,UNKNOWN,True,True
01408099_01408101,train,PROJECT #,UNKNOWN,UNKNOWN,True,True
01408099_01408101,train,PROJECT LEADER,UNKNOWN,UNKNOWN,True,True
11508234,train,No.,UNKNOWN,UNKNOWN,True,True
11508234,train,Yes,UNKNOWN,UNKNOWN,True,True
11508234,train,No,UNKNOWN,UNKNOWN,True,True
11875011,train,TO:,UNKNOWN,UNKNOWN,True,True
11875011,train,PROJECT NUMBER:,UNKNOWN,UNKNOWN,True,True
11875011,train,B&W ORIGINATOR:,UNKNOWN,UNKNOWN,True,True
12052385,train,KOOL,UNKNOWN,UNKNOWN,True,True
12052385,train,SUPPLIER:,UNKNOWN,UNKNOWN,True,True
12052385,train,PAID OUT OF 1987 BUDGET,UNKNOWN,UNKNOWN,True,True
12603270,train,Supplier:,UNKNOWN,UNKNOWN,True,True
12603270,train,Amt. of Change:,UNKNOWN,UNKNOWN,True,True
12603270,train,Projected: Field Start,UNKNOWN,UNKNOWN,True,True
12825369,train,MARKET,UNKNOWN,UNKNOWN,True,True
12825369,train,POPULATION,UNKNOWN,UNKNOWN,True,True
12825369,train,OPERATOR,UNKNOWN,UNKNOWN,True,True
13149651,train,ORIGINAL,UNKNOWN,UNKNOWN,True,True
13149651,train,Subject,UNKNOWN,UNKNOWN,True,True
13149651,train,Increase Costs - May Be Possible to Absorb,UNKNOWN,UNKNOWN,True,True
660978,train,PLACE:,UNKNOWN,UNKNOWN,True,True
660978,train,NO.,UNKNOWN,UNKNOWN,True,True
660978,train,CLIENT:,UNKNOWN,UNKNOWN,True,True
71108371,train,3. Special Processing,UNKNOWN,UNKNOWN,True,True
71108371,train,1. Productivity Improvement,UNKNOWN,UNKNOWN,True,True
71108371,train,High,UNKNOWN,UNKNOWN,True,True
71190280,train,T&N,UNKNOWN,UNKNOWN,True,True
71190280,train,WARNING,UNKNOWN,UNKNOWN,True,True
71190280,train,TRIM SIZE,UNKNOWN,UNKNOWN,True,True
71202511,train,Yes,UNKNOWN,UNKNOWN,True,True
71202511,train,Est. Travel,UNKNOWN,UNKNOWN,True,True
71202511,train,No.,UNKNOWN,UNKNOWN,True,True
71206427,train,BRAND:,UNKNOWN,UNKNOWN,True,True
71206427,train,PROJECT:,UNKNOWN,UNKNOWN,True,True
71206427,train,PROJECT:,UNKNOWN,UNKNOWN,True,True
71341634,train,Distributor No,UNKNOWN,UNKNOWN,True,True
71341634,train,Attention:,UNKNOWN,UNKNOWN,True,True
71341634,train,Is this a corporation,UNKNOWN,UNKNOWN,True,True
71366499,train,BRAND,UNKNOWN,UNKNOWN,True,True
71366499,train,WARNING,UNKNOWN,UNKNOWN,True,True
71366499,train,JOB NO.,UNKNOWN,UNKNOWN,True,True
71563825,train,Market(s):,UNKNOWN,UNKNOWN,True,True
71563825,train,Male:,UNKNOWN,UNKNOWN,True,True
71563825,train,Female:,UNKNOWN,UNKNOWN,True,True
71601299,train,Number,UNKNOWN,UNKNOWN,True,True
71601299,train,Client Group,UNKNOWN,UNKNOWN,True,True
71601299,train,Client Contact,UNKNOWN,UNKNOWN,True,True
716552,train,NO,UNKNOWN,UNKNOWN,True,True
716552,train,UPC NO,UNKNOWN,UNKNOWN,True,True
716552,train,DOMESTIC,UNKNOWN,UNKNOWN,True,True
80310840a,train,Job#:,UNKNOWN,UNKNOWN,True,True
80310840a,train,Revision,UNKNOWN,UNKNOWN,True,True
80310840a,train,Reason:,UNKNOWN,UNKNOWN,True,True
80707440_7443,train,CLIENT:,UNKNOWN,UNKNOWN,True,True
80707440_7443,train,PRODUCT:,UNKNOWN,UNKNOWN,True,True
80707440_7443,train,PUBLICATION,UNKNOWN,UNKNOWN,True,True
80718412_8413,train,MARKET:,UNKNOWN,UNKNOWN,True,True
80718412_8413,train,PRODUCT:,UNKNOWN,UNKNOWN,True,True
80718412_8413,train,QUANTITIES:,UNKNOWN,UNKNOWN,True,True
80728670,train,TO:,UNKNOWN,UNKNOWN,True,True
80728670,train,FROM:,UNKNOWN,UNKNOWN,True,True
80728670,train,Division (s) to be contacted,UNKNOWN,UNKNOWN,True,True
81310636,train,Genetic Assay No.,UNKNOWN,UNKNOWN,True,True
81310636,train,COMPOUND CODE,UNKNOWN,UNKNOWN,True,True
81310636,train,Chem Abstr#,UNKNOWN,UNKNOWN,True,True
81574683,train,BLEND,UNKNOWN,UNKNOWN,True,True
81574683,train,CASING,UNKNOWN,UNKNOWN,True,True
81574683,train,RECASING,UNKNOWN,UNKNOWN,True,True
81619486_9488,train,TO:,UNKNOWN,UNKNOWN,True,True
81619486_9488,train,FROM:,UNKNOWN,UNKNOWN,True,True
81619486_9488,train,AUG 10,UNKNOWN,UNKNOWN,True,True
81619511_9513,train,TO:,UNKNOWN,UNKNOWN,True,True
81619511_9513,train,FROM:,UNKNOWN,UNKNOWN,True,True
81619511_9513,train,SEP 22,UNKNOWN,UNKNOWN,True,True
81749056_9057,train,TO:,UNKNOWN,UNKNOWN,True,True
81749056_9057,train,FROM:,UNKNOWN,UNKNOWN,True,True
81749056_9057,train,SUBJECT:,UNKNOWN,UNKNOWN,True,True
82254638,train,TO:,UNKNOWN,UNKNOWN,True,True
82254638,train,FROM:,UNKNOWN,UNKNOWN,True,True
82254638,train,NEWPORTKS K.S.,UNKNOWN,UNKNOWN,True,True
87533049,train,FROM:,UNKNOWN,UNKNOWN,True,True
87533049,train,TO:,UNKNOWN,UNKNOWN,True,True
87533049,train,cc:,UNKNOWN,UNKNOWN,True,True
87672097,train,COMPOUND,UNKNOWN,UNKNOWN,True,True
87672097,train,SOURCE,UNKNOWN,UNKNOWN,True,True
87672097,train,TESTED:,UNKNOWN,UNKNOWN,True,True
87682908,train,Advance Registration Fee: (prior to August 10),UNKNOWN,UNKNOWN,True,True
87682908,train,Late Registration Fee: (after August,UNKNOWN,UNKNOWN,True,True
87682908,train,Mail to:,UNKNOWN,UNKNOWN,True,True
88057519,train,BRAND,UNKNOWN,UNKNOWN,True,True
88057519,train,BRAND,UNKNOWN,UNKNOWN,True,True
88547278_88547279,train,Sizes:,UNKNOWN,UNKNOWN,True,True
88547278_88547279,train,Binding,UNKNOWN,UNKNOWN,True,True
88547278_88547279,train,FAX:,UNKNOWN,UNKNOWN,True,True
89368010,train,APPROVALS,UNKNOWN,UNKNOWN,True,True
89368010,train,APPROVALS,UNKNOWN,UNKNOWN,True,True
89368010,train,ACCEPT/ REJECT (as per 58.185 (c)),UNKNOWN,UNKNOWN,True,True
89386032,train,Test Article,UNKNOWN,UNKNOWN,True,True
89386032,train,Client Study No.,UNKNOWN,UNKNOWN,True,True
89386032,train,Species,UNKNOWN,UNKNOWN,True,True
89817999_8002,train,TO,UNKNOWN,UNKNOWN,True,True
89817999_8002,train,FROM:,UNKNOWN,UNKNOWN,True,True
89817999_8002,train,SUBJECT:,UNKNOWN,UNKNOWN,True,True
89867723,train,PRODUCT,UNKNOWN,UNKNOWN,True,True
89867723,train,JOB#,UNKNOWN,UNKNOWN,True,True
89867723,train,yes,UNKNOWN,UNKNOWN,True,True
91104867,train,ACTUAL 8 MONTHS,UNKNOWN,UNKNOWN,True,True
91104867,train,ACTUAL 8 MONTHS,UNKNOWN,UNKNOWN,True,True
91104867,train,ACTUAL 8 MONTHS,UNKNOWN,UNKNOWN,True,True
91161344_91161347,train,TO:,UNKNOWN,UNKNOWN,True,True
91161344_91161347,train,TO:,UNKNOWN,UNKNOWN,True,True
91161344_91161347,train,TO:,UNKNOWN,UNKNOWN,True,True
91315069_91315070,train,TO:,UNKNOWN,UNKNOWN,True,True
91315069_91315070,train,SUBJECT:,UNKNOWN,UNKNOWN,True,True
91315069_91315070,train,DISTRIBUTION:,UNKNOWN,UNKNOWN,True,True
91355841,train,MANUFACTURER:,UNKNOWN,UNKNOWN,True,True
91355841,train,CC:,UNKNOWN,UNKNOWN,True,True
91355841,train,CC:,UNKNOWN,UNKNOWN,True,True
91356315,train,MANUFACTURER:,UNKNOWN,UNKNOWN,True,True
91356315,train,CC:,UNKNOWN,UNKNOWN,True,True
91356315,train,CC:,UNKNOWN,UNKNOWN,True,True
91361993,train,MANUFACTURER:,UNKNOWN,UNKNOWN,True,True
91361993,train,REPORTED BY,UNKNOWN,UNKNOWN,True,True
91361993,train,OTHER INFORMATION:,UNKNOWN,UNKNOWN,True,True
91372360,train,TIME,UNKNOWN,UNKNOWN,True,True
91372360,train,OFFICE:,UNKNOWN,UNKNOWN,True,True
91372360,train,OFFICE:,UNKNOWN,UNKNOWN,True,True
91391286,train,FROM:,UNKNOWN,UNKNOWN,True,True
91391286,train,TO:,UNKNOWN,UNKNOWN,True,True
91391286,train,CC:,UNKNOWN,UNKNOWN,True,True
91391310,train,FROM:,UNKNOWN,UNKNOWN,True,True
91391310,train,TO:,UNKNOWN,UNKNOWN,True,True
91391310,train,CC:,UNKNOWN,UNKNOWN,True,True
91581919,train,Account,UNKNOWN,UNKNOWN,True,True
91581919,train,Agency,UNKNOWN,UNKNOWN,True,True
91581919,train,Column Inches,UNKNOWN,UNKNOWN,True,True
91856041_6049,train,# OF BOOTH(S),UNKNOWN,UNKNOWN,True,True
91856041_6049,train,PREMIUMS ONLY,UNKNOWN,UNKNOWN,True,True
91856041_6049,train,EVENT LOCATION:,UNKNOWN,UNKNOWN,True,True
91903177,train,TO:,UNKNOWN,UNKNOWN,True,True
91903177,train,SAMPLES/ ITEMS REQUIRED:,UNKNOWN,UNKNOWN,True,True
91914407,train,COMMENTS:,UNKNOWN,UNKNOWN,True,True
91914407,train,CC:,UNKNOWN,UNKNOWN,True,True
91939637,train,DISPLAY BRANDS:,UNKNOWN,UNKNOWN,True,True
91939637,train,PROMOTIONAL PERIOD:,UNKNOWN,UNKNOWN,True,True
91939637,train,CONSUMER OFFER:,UNKNOWN,UNKNOWN,True,True
91974562,train,FROM:,UNKNOWN,UNKNOWN,True,True
91974562,train,TO:,UNKNOWN,UNKNOWN,True,True
91974562,train,CC:,UNKNOWN,UNKNOWN,True,True
92039708_9710,train,TO:,UNKNOWN,UNKNOWN,True,True
92039708_9710,train,SUBJECT:,UNKNOWN,UNKNOWN,True,True
92039708_9710,train,EFFECTIVENESS OF:,UNKNOWN,UNKNOWN,True,True
92081358_1359,train,DIVISION:,UNKNOWN,UNKNOWN,True,True
92081358_1359,train,% BLACK =,UNKNOWN,UNKNOWN,True,True
92081358_1359,train,% OTHER,UNKNOWN,UNKNOWN,True,True
92091873,train,Location,UNKNOWN,UNKNOWN,True,True
92091873,train,Division,UNKNOWN,UNKNOWN,True,True
92091873,train,Mugs,UNKNOWN,UNKNOWN,True,True
92094746,train,PROMO #,UNKNOWN,UNKNOWN,True,True
92094746,train,OTHER*,UNKNOWN,UNKNOWN,True,True
92094746,train,FAIR,UNKNOWN,UNKNOWN,True,True
92094751,train,*EXPLAIN:,UNKNOWN,UNKNOWN,True,True
92094751,train,OTHER*,UNKNOWN,UNKNOWN,True,True
92094751,train,POOR,UNKNOWN,UNKNOWN,True,True
92298125,train,TO:,UNKNOWN,UNKNOWN,True,True
92298125,train,FROM:,UNKNOWN,UNKNOWN,True,True
92298125,train,RE:,UNKNOWN,UNKNOWN,True,True
92314414,train,530:,UNKNOWN,UNKNOWN,True,True
92314414,train,PAYROLL:,UNKNOWN,UNKNOWN,True,True
92314414,train,OTHER,UNKNOWN,UNKNOWN,True,True
92327794,train,TO:,UNKNOWN,UNKNOWN,True,True
92327794,train,FROM:,UNKNOWN,UNKNOWN,True,True
92327794,train,NUMBER OF PAGES (INCLUDING COVER SHEET):,UNKNOWN,UNKNOWN,True,True
92433599_92433601,train,Defendant,UNKNOWN,UNKNOWN,True,True
92433599_92433601,train,Plaintiff,UNKNOWN,UNKNOWN,True,True
92433599_92433601,train,(a) Injury,UNKNOWN,UNKNOWN,True,True
92586242,train,PREMIUMS ONLY,UNKNOWN,UNKNOWN,True,True
92586242,train,# OF BOOTH,UNKNOWN,UNKNOWN,True,True
92586242,train,EVENT LOCATION:,UNKNOWN,UNKNOWN,True,True
92657311_7313,train,TO:,UNKNOWN,UNKNOWN,True,True
92657311_7313,train,FROM:,UNKNOWN,UNKNOWN,True,True
92657311_7313,train,SUBJECT:,UNKNOWN,UNKNOWN,True,True
92657391,train,TIME:,UNKNOWN,UNKNOWN,True,True
92657391,train,"The following document, including cover page is",UNKNOWN,UNKNOWN,True,True
92657391,train,OFFICE:,UNKNOWN,UNKNOWN,True,True
93213298,train,Division,UNKNOWN,UNKNOWN,True,True
93213298,train,Location,UNKNOWN,UNKNOWN,True,True
93213298,train,Mugs,UNKNOWN,UNKNOWN,True,True
93329540,train,MANUFACTURER:,UNKNOWN,UNKNOWN,True,True
93329540,train,cc:,UNKNOWN,UNKNOWN,True,True
93329540,train,cc:,UNKNOWN,UNKNOWN,True,True
93351929_93351931,train,FROM:,UNKNOWN,UNKNOWN,True,True
93351929_93351931,train,TO:,UNKNOWN,UNKNOWN,True,True
93351929_93351931,train,CC:,UNKNOWN,UNKNOWN,True,True
93380187,train,FROM:,UNKNOWN,UNKNOWN,True,True
93380187,train,TO:,UNKNOWN,UNKNOWN,True,True
93380187,train,CC:,UNKNOWN,UNKNOWN,True,True
93455715,train,MANUFACTURERS:,UNKNOWN,UNKNOWN,True,True
93455715,train,cc:,UNKNOWN,UNKNOWN,True,True
93455715,train,cc:,UNKNOWN,UNKNOWN,True,True
82092117,test,TO:,UNKNOWN,UNKNOWN,True,True
82092117,test,NUMBER OF PAGES INCLUDING COVER SHEET:,UNKNOWN,UNKNOWN,True,True
82092117,test,Fax:,UNKNOWN,UNKNOWN,True,True
82200067_0069,test,TO:,UNKNOWN,UNKNOWN,True,True
82200067_0069,test,FROM:,UNKNOWN,UNKNOWN,True,True
82200067_0069,test,SEP 15,UNKNOWN,UNKNOWN,True,True
82250337_0338,test,TO:,UNKNOWN,UNKNOWN,True,True
82250337_0338,test,FROM:,UNKNOWN,UNKNOWN,True,True
82250337_0338,test,MANUFACTURER:,UNKNOWN,UNKNOWN,True,True
82251504,test,cc:,UNKNOWN,UNKNOWN,True,True
82251504,test,:,UNKNOWN,UNKNOWN,True,True
82251504,test,From:,UNKNOWN,UNKNOWN,True,True
82252956_2958,test,# REP,UNKNOWN,UNKNOWN,True,True
82252956_2958,test,TO:,UNKNOWN,UNKNOWN,True,True
82252956_2958,test,FROM:,UNKNOWN,UNKNOWN,True,True
82253058_3059,test,TO:,UNKNOWN,UNKNOWN,True,True
82253058_3059,test,FROM:,UNKNOWN,UNKNOWN,True,True
82253058_3059,test,NOV,UNKNOWN,UNKNOWN,True,True
82253245_3247,test,TO:,UNKNOWN,UNKNOWN,True,True
82253245_3247,test,FROM:,UNKNOWN,UNKNOWN,True,True
82253245_3247,test,JUNE 30,UNKNOWN,UNKNOWN,True,True
82253362_3364,test,TO:,UNKNOWN,UNKNOWN,True,True
82253362_3364,test,FROM:,UNKNOWN,UNKNOWN,True,True
82253362_3364,test,SUBJECT:,UNKNOWN,UNKNOWN,True,True
82254765,test,TO:,UNKNOWN,UNKNOWN,True,True
82254765,test,FROM:,UNKNOWN,UNKNOWN,True,True
82254765,test,NEWPORT K. S.,UNKNOWN,UNKNOWN,True,True
82491256,test,COURT:,UNKNOWN,UNKNOWN,True,True
82491256,test,CASE TYPE:,UNKNOWN,UNKNOWN,True,True
82491256,test,LORILLARD ENTITIES:,UNKNOWN,UNKNOWN,True,True
82504862,test,COURT:,UNKNOWN,UNKNOWN,True,True
82504862,test,CASE TYPE:,UNKNOWN,UNKNOWN,True,True
82504862,test,LORILLARD ENTITIES,UNKNOWN,UNKNOWN,True,True
82562350,test,To:,UNKNOWN,UNKNOWN,True,True
82562350,test,CC:,UNKNOWN,UNKNOWN,True,True
82562350,test,Re:,UNKNOWN,UNKNOWN,True,True
82573104,test,To:,UNKNOWN,UNKNOWN,True,True
82573104,test,From:,UNKNOWN,UNKNOWN,True,True
82573104,test,Room:,UNKNOWN,UNKNOWN,True,True
82837252,test,MANUFACTURER:,UNKNOWN,UNKNOWN,True,True
82837252,test,cc:,UNKNOWN,UNKNOWN,True,True
82837252,test,cc:,UNKNOWN,UNKNOWN,True,True
83443897,test,FROM:,UNKNOWN,UNKNOWN,True,True
83443897,test,MESSAGE:,UNKNOWN,UNKNOWN,True,True
83443897,test,MESSAGE:,UNKNOWN,UNKNOWN,True,True
83553333_3334,test,Sender,UNKNOWN,UNKNOWN,True,True
83553333_3334,test,To,UNKNOWN,UNKNOWN,True,True
83553333_3334,test,To,UNKNOWN,UNKNOWN,True,True
83573282,test,From:,UNKNOWN,UNKNOWN,True,True
83573282,test,Re:,UNKNOWN,UNKNOWN,True,True
83573282,test,Recipient(s):,UNKNOWN,UNKNOWN,True,True
83594639,test,To:,UNKNOWN,UNKNOWN,True,True
83594639,test,From:,UNKNOWN,UNKNOWN,True,True
83594639,test,Pages (Including cover page):,UNKNOWN,UNKNOWN,True,True
83624198,test,FROM:,UNKNOWN,UNKNOWN,True,True
83624198,test,MESSAGE:,UNKNOWN,UNKNOWN,True,True
83624198,test,PAGES (including Cover Sheet):,UNKNOWN,UNKNOWN,True,True
83635935,test,TO:,UNKNOWN,UNKNOWN,True,True
83635935,test,FROM:,UNKNOWN,UNKNOWN,True,True
83635935,test,OUR FAX NUMBER,UNKNOWN,UNKNOWN,True,True
83641919_1921,test,Number of Stores,UNKNOWN,UNKNOWN,True,True
83641919_1921,test,Number of Stores,UNKNOWN,UNKNOWN,True,True
83641919_1921,test,Number of Stores,UNKNOWN,UNKNOWN,True,True
83772145,test,#:,UNKNOWN,UNKNOWN,True,True
83772145,test,TO:,UNKNOWN,UNKNOWN,True,True
83772145,test,FROM:,UNKNOWN,UNKNOWN,True,True
83823750,test,To,UNKNOWN,UNKNOWN,True,True
83823750,test,Number of Pages (this page included),UNKNOWN,UNKNOWN,True,True
83823750,test,Sender,UNKNOWN,UNKNOWN,True,True
83996357,test,TO:,UNKNOWN,UNKNOWN,True,True
83996357,test,FROM:,UNKNOWN,UNKNOWN,True,True
83996357,test,CC:,UNKNOWN,UNKNOWN,True,True
85240939,test,TITLE:,UNKNOWN,UNKNOWN,True,True
85240939,test,CHECK ONE:,UNKNOWN,UNKNOWN,True,True
85240939,test,CHECK ONE:,UNKNOWN,UNKNOWN,True,True
86075409_5410,test,From:,UNKNOWN,UNKNOWN,True,True
86075409_5410,test,To:,UNKNOWN,UNKNOWN,True,True
86075409_5410,test,CC:,UNKNOWN,UNKNOWN,True,True
86220490,test,To:,UNKNOWN,UNKNOWN,True,True
86220490,test,Firm:,UNKNOWN,UNKNOWN,True,True
86220490,test,FAX,UNKNOWN,UNKNOWN,True,True
86230203_0206,test,TO:,UNKNOWN,UNKNOWN,True,True
86230203_0206,test,FROM:,UNKNOWN,UNKNOWN,True,True
86230203_0206,test,SUBJECT:,UNKNOWN,UNKNOWN,True,True
86236474_6476,test,TO:,UNKNOWN,UNKNOWN,True,True
86236474_6476,test,FROM:,UNKNOWN,UNKNOWN,True,True
86236474_6476,test,JUNE7,UNKNOWN,UNKNOWN,True,True
86244113,test,BRAND,UNKNOWN,UNKNOWN,True,True
86244113,test,BRAND,UNKNOWN,UNKNOWN,True,True
86244113,test,BRAND,UNKNOWN,UNKNOWN,True,True
86263525,test,COST CENTER NUMBER,UNKNOWN,UNKNOWN,True,True
86263525,test,RETENTION & RECOMMENDATION FILE REORGANIZED AND RE- LABELED BY:,UNKNOWN,UNKNOWN,True,True
86263525,test,BOXES CREATED FOR HARD COPY PERMANENT RETENTION RECORDS BY:,UNKNOWN,UNKNOWN,True,True
86328049_8050,test,Pages (Including Cover),UNKNOWN,UNKNOWN,True,True
86328049_8050,test,No,UNKNOWN,UNKNOWN,True,True
86328049_8050,test,FAX NO:,UNKNOWN,UNKNOWN,True,True
87086073,test,STRUCTURE,UNKNOWN,UNKNOWN,True,True
87086073,test,COMMENTS,UNKNOWN,UNKNOWN,True,True
87086073,test,ESTIMATED TOXICITY CLASS,UNKNOWN,UNKNOWN,True,True
87093315_87093318,test,on,UNKNOWN,UNKNOWN,True,True
87093315_87093318,test,BLEND,UNKNOWN,UNKNOWN,True,True
87093315_87093318,test,CASTING,UNKNOWN,UNKNOWN,True,True
87125460,test,APPROVALS,UNKNOWN,UNKNOWN,True,True
87125460,test,STUDY NUMBER,UNKNOWN,UNKNOWN,True,True
87125460,test,PART OF FINAL REPORT TO BE AMENDED (EXACT LOCATION),UNKNOWN,UNKNOWN,True,True
87137840,test,DATES:,UNKNOWN,UNKNOWN,True,True
87137840,test,CONDITION OF SHIPMENT:,UNKNOWN,UNKNOWN,True,True
87137840,test,TA #:,UNKNOWN,UNKNOWN,True,True
87147607,test,VENDOR,UNKNOWN,UNKNOWN,True,True
87147607,test,TERMS,UNKNOWN,UNKNOWN,True,True
87147607,test,Prev.,UNKNOWN,UNKNOWN,True,True
87332450,test,FAX:,UNKNOWN,UNKNOWN,True,True
87332450,test,Advance Registration Fee:,UNKNOWN,UNKNOWN,True,True
87332450,test,Late Registration Fee,UNKNOWN,UNKNOWN,True,True
87428306,test,pH,UNKNOWN,UNKNOWN,True,True
87428306,test,SOLUBILITY,UNKNOWN,UNKNOWN,True,True
87428306,test,ORAL,UNKNOWN,UNKNOWN,True,True
87528321,test,Change,UNKNOWN,UNKNOWN,True,True
87528321,test,Other,UNKNOWN,UNKNOWN,True,True
87528321,test,Routine,UNKNOWN,UNKNOWN,True,True
87528380,test,FOR,UNKNOWN,UNKNOWN,True,True
87528380,test,TO,UNKNOWN,UNKNOWN,True,True
87528380,test,Attn:,UNKNOWN,UNKNOWN,True,True
87594142_87594144,test,THRU,UNKNOWN,UNKNOWN,True,True
87594142_87594144,test,THRU,UNKNOWN,UNKNOWN,True,True
87594142_87594144,test,THRU,UNKNOWN,UNKNOWN,True,True
89856243,test,PRODUCT,UNKNOWN,UNKNOWN,True,True
89856243,test,Incidence,UNKNOWN,UNKNOWN,True,True
89856243,test,# Open,UNKNOWN,UNKNOWN,True,True
91814768_91814769,test,submitted to the voters on,UNKNOWN,UNKNOWN,True,True
91814768_91814769,test,submitted to the voters on,UNKNOWN,UNKNOWN,True,True
91814768_91814769,test,submitted to the voters on,UNKNOWN,UNKNOWN,True,True
92380595,test,TO:,UNKNOWN,UNKNOWN,True,True
92380595,test,ATTN:,UNKNOWN,UNKNOWN,True,True
92380595,test,RE:,UNKNOWN,UNKNOWN,True,True
93106788,test,TO:,UNKNOWN,UNKNOWN,True,True
93106788,test,ATTN:,UNKNOWN,UNKNOWN,True,True
93106788,test,ADVERTISER:,UNKNOWN,UNKNOWN,True,True
